path,line_count,review_status,open_items
CMakeLists.txt,2493,reviewed,0
assets/packages/easing-tween/Easing.h,539,reviewed,0
assets/packages/easing-tween/Tween.cpp,382,reviewed,0
assets/shaders/LamaPonCustomMaterial.hlsl,353,reviewed,0
assets/shaders/LamaPonEnvironment.hlsl,1984,reviewed,0
assets/shaders/LamaPonGeometryExplode.hlsl,146,reviewed,0
assets/shaders/LamaPonLightCulling.hlsl,183,reviewed,0
assets/shaders/LamaPonLit.hlsl,1879,reviewed,0
assets/shaders/LamaPonNoise.hlsli,340,reviewed,0
assets/shaders/LamaPonNoiseSample.hlsl,277,reviewed,0
assets/shaders/LamaPonRetro3D.hlsl,293,reviewed,0
assets/shaders/LamaPonScreenDepth.hlsli,133,reviewed,0
assets/shaders/LamaPonShaderError.hlsl,125,reviewed,0
assets/shaders/LamaPonSimpleMaterialGraph.hlsli,173,reviewed,0
assets/shaders/LamaPonSpriteError.hlsl,21,reviewed,0
assets/shaders/LamaPonSpriteLit.hlsl,83,reviewed,0
assets/shaders/LamaPonSpriteMask.hlsl,46,reviewed,0
assets/shaders/LamaPonTessellatedTerrain.hlsl,236,reviewed,0
assets/shaders/LamaPonWater.hlsl,541,reviewed,0
cmake/BuildInfoData.cpp.in,18,reviewed,0
cmake/DirectXTK.cmake,107,reviewed,0
cmake/GenerateBuildInfo.cmake,13,reviewed,0
cmake/LamaPonDistribution.cmake,42,reviewed,0
cmake/LamaPonGitInfo.cmake,156,reviewed,0
cmake/LamaPonMsvcDependencies.cmake,45,reviewed,0
cmake/LamaPonNetworking.cmake,46,reviewed,0
cmake/LamaPonWeb.cmake,229,reviewed,0
cmake/TestProjectGameModule.cmake,83,reviewed,0
cmake/Version.h.in,24,reviewed,0
cmake/WriteGameSettings.cmake,35,reviewed,0
packages/src/build_package.py,199,reviewed,0
packages/src/discord-presence-sdk/DiscordSocialPresenceBackend.cpp,333,reviewed,0
packages/src/discord-presence-sdk/DiscordSocialPresenceBackend.h,63,reviewed,0
packages/src/discord-presence-sdk/DiscordSocialSdkImplementation.cpp,7,reviewed,0
packages/src/network-session-workflow/NetworkProfile.h,127,reviewed,0
packages/src/network-session-workflow/NetworkSessionController.cpp,162,reviewed,0
packages/src/ollama-ai/OllamaChat.cpp,365,reviewed,0
packages/src/ollama-ai/OllamaClient.h,576,reviewed,0
packages/src/ollama-ai/OllamaPolicy.h,204,reviewed,0
packages/src/ollama-ai/OllamaProfile.h,180,reviewed,0
packages/src/ollama-ai/OllamaWorker.h,156,reviewed,0
packages/src/scene-transition-showcase/SceneTransitionAssets.h,570,reviewed,0
packages/src/scene-transition-showcase/SceneTransitionController.cpp,123,reviewed,0
packages/src/scene-transition-showcase/SceneTransitionOverlay.cpp,148,reviewed,0
packages/src/scene-transition-showcase/SceneTransitionOverlay.h,116,reviewed,0
packages/src/scene-transition-showcase/SceneTransitionSchema.h,309,reviewed,0
packages/src/scene-transition-showcase/shaders/LamaPonSceneTransition.hlsl,648,reviewed,0
samples/Game/Main.cpp,242,reviewed,0
samples/GameModule/InterfaceProbe.cpp,93,reviewed,0
samples/GameModule/InterfaceProbe.h,15,reviewed,0
samples/GameModule/SampleGameModule.cpp,281,reviewed,0
samples/GameModule/TargetRangeGame.cpp,972,reviewed,0
samples/Hub/Main.cpp,1406,reviewed,0
samples/Networking/P2PCooperativeController.h,116,reviewed,0
samples/Networking/P2PTurnBasedController.h,127,reviewed,0
samples/Sandbox/Main.cpp,730,reviewed,0
src/LamaPon/Animation/AnimationClip.cpp,465,reviewed,0
src/LamaPon/Animation/AnimationClip.h,101,reviewed,0
src/LamaPon/Animation/AnimatorController.cpp,502,reviewed,0
src/LamaPon/Animation/AnimatorController.h,174,reviewed,0
src/LamaPon/Assets/AssetArchive.cpp,394,reviewed,0
src/LamaPon/Assets/AssetArchive.h,90,reviewed,0
src/LamaPon/Assets/AssetDatabase.cpp,1216,reviewed,0
src/LamaPon/Assets/AssetDatabase.h,157,reviewed,0
src/LamaPon/Assets/AssetImporter.cpp,400,reviewed,0
src/LamaPon/Assets/AssetImporter.h,53,reviewed,0
src/LamaPon/Assets/AssetManager.cpp,3573,reviewed,0
src/LamaPon/Assets/AssetManager.h,661,reviewed,0
src/LamaPon/Assets/AssetManagerMemory.cpp,406,reviewed,0
src/LamaPon/Assets/AssetPacker.cpp,443,reviewed,0
src/LamaPon/Assets/AssetPacker.h,37,reviewed,0
src/LamaPon/Assets/CmoImporter.cpp,836,reviewed,0
src/LamaPon/Assets/CmoImporter.h,21,reviewed,0
src/LamaPon/Assets/CollisionMeshImporter.cpp,481,reviewed,0
src/LamaPon/Assets/CollisionMeshImporter.h,22,reviewed,0
src/LamaPon/Assets/DataAsset.cpp,505,reviewed,0
src/LamaPon/Assets/DataAsset.h,185,reviewed,0
src/LamaPon/Assets/FbxImporter.cpp,2033,reviewed,0
src/LamaPon/Assets/FbxImporter.h,32,reviewed,0
src/LamaPon/Assets/GltfImporter.cpp,1753,reviewed,0
src/LamaPon/Assets/GltfImporter.h,32,reviewed,0
src/LamaPon/Assets/ModelCache.cpp,1504,reviewed,0
src/LamaPon/Assets/ModelCache.h,143,reviewed,0
src/LamaPon/Assets/ModelLod.h,263,reviewed,0
src/LamaPon/Assets/SdkmeshImporter.cpp,1213,reviewed,0
src/LamaPon/Assets/SdkmeshImporter.h,30,reviewed,0
src/LamaPon/Assets/TextureCache.cpp,463,reviewed,0
src/LamaPon/Assets/TextureCache.h,43,reviewed,0
src/LamaPon/Assets/TextureLoader.cpp,1815,reviewed,0
src/LamaPon/Assets/TextureLoader.h,190,reviewed,0
src/LamaPon/Assets/VboImporter.cpp,228,reviewed,0
src/LamaPon/Assets/VboImporter.h,27,reviewed,0
src/LamaPon/Audio/AudioSystem.cpp,1876,reviewed,0
src/LamaPon/Audio/AudioSystem.h,447,reviewed,0
src/LamaPon/Components/AudioListenerComponent.cpp,46,reviewed,0
src/LamaPon/Components/AudioListenerComponent.h,39,reviewed,0
src/LamaPon/Components/AudioSourceComponent.cpp,648,reviewed,0
src/LamaPon/Components/AudioSourceComponent.h,297,reviewed,0
src/LamaPon/Components/BillboardComponent.cpp,236,reviewed,0
src/LamaPon/Components/BillboardComponent.h,121,reviewed,0
src/LamaPon/Components/BoxCollider2DComponent.cpp,93,reviewed,0
src/LamaPon/Components/BoxCollider2DComponent.h,91,reviewed,0
src/LamaPon/Components/BoxCollider3DComponent.cpp,132,reviewed,0
src/LamaPon/Components/BoxCollider3DComponent.h,95,reviewed,0
src/LamaPon/Components/CameraComponent.cpp,42,reviewed,0
src/LamaPon/Components/CameraComponent.h,109,reviewed,0
src/LamaPon/Components/CapsuleCollider3DComponent.cpp,232,reviewed,0
src/LamaPon/Components/CapsuleCollider3DComponent.h,107,reviewed,0
src/LamaPon/Components/CharacterControllerComponent.cpp,365,reviewed,0
src/LamaPon/Components/CharacterControllerComponent.h,185,reviewed,0
src/LamaPon/Components/CircleCollider2DComponent.cpp,146,reviewed,0
src/LamaPon/Components/CircleCollider2DComponent.h,135,reviewed,0
src/LamaPon/Components/ConvexHullCollider3DComponent.cpp,191,reviewed,0
src/LamaPon/Components/ConvexHullCollider3DComponent.h,139,reviewed,0
src/LamaPon/Components/DirectionalLightComponent.cpp,140,reviewed,0
src/LamaPon/Components/DirectionalLightComponent.h,143,reviewed,0
src/LamaPon/Components/FrameDebugDescription.h,106,reviewed,0
src/LamaPon/Components/InputMoverComponent.cpp,98,reviewed,0
src/LamaPon/Components/InputMoverComponent.h,71,reviewed,0
src/LamaPon/Components/JointComponent.cpp,298,reviewed,0
src/LamaPon/Components/JointComponent.h,228,reviewed,0
src/LamaPon/Components/LODGroupComponent.cpp,111,reviewed,0
src/LamaPon/Components/LODGroupComponent.h,72,reviewed,0
src/LamaPon/Components/Light2DComponent.cpp,102,reviewed,0
src/LamaPon/Components/Light2DComponent.h,82,reviewed,0
src/LamaPon/Components/MeshCollider3DComponent.cpp,493,reviewed,0
src/LamaPon/Components/MeshCollider3DComponent.h,197,reviewed,0
src/LamaPon/Components/MeshRendererComponent.cpp,2511,reviewed,0
src/LamaPon/Components/MeshRendererComponent.h,465,reviewed,0
src/LamaPon/Components/ModelRendererComponent.cpp,5562,reviewed,0
src/LamaPon/Components/ModelRendererComponent.h,728,reviewed,0
src/LamaPon/Components/NativeScriptComponent.cpp,540,reviewed,0
src/LamaPon/Components/NativeScriptComponent.h,123,reviewed,0
src/LamaPon/Components/NavMeshAgentComponent.cpp,285,reviewed,0
src/LamaPon/Components/NavMeshAgentComponent.h,139,reviewed,0
src/LamaPon/Components/NavMeshComponent.cpp,918,reviewed,0
src/LamaPon/Components/NavMeshComponent.h,184,reviewed,0
src/LamaPon/Components/NetworkIdentityComponent.cpp,44,reviewed,0
src/LamaPon/Components/NetworkIdentityComponent.h,58,reviewed,0
src/LamaPon/Components/ParallaxLayerComponent.cpp,65,reviewed,0
src/LamaPon/Components/ParallaxLayerComponent.h,66,reviewed,0
src/LamaPon/Components/ParticleSystemComponent.cpp,924,reviewed,0
src/LamaPon/Components/ParticleSystemComponent.h,486,reviewed,0
src/LamaPon/Components/PointLightComponent.cpp,70,reviewed,0
src/LamaPon/Components/PointLightComponent.h,91,reviewed,0
src/LamaPon/Components/PolygonCollider2DComponent.cpp,158,reviewed,0
src/LamaPon/Components/PolygonCollider2DComponent.h,128,reviewed,0
src/LamaPon/Components/ReflectionProbeComponent.cpp,52,reviewed,0
src/LamaPon/Components/ReflectionProbeComponent.h,169,reviewed,0
src/LamaPon/Components/RenderCullingComponent.h,58,reviewed,0
src/LamaPon/Components/RigidbodyComponent.cpp,848,reviewed,0
src/LamaPon/Components/RigidbodyComponent.h,271,reviewed,0
src/LamaPon/Components/RotatorComponent.cpp,22,reviewed,0
src/LamaPon/Components/RotatorComponent.h,38,reviewed,0
src/LamaPon/Components/SphereCollider3DComponent.cpp,182,reviewed,0
src/LamaPon/Components/SphereCollider3DComponent.h,124,reviewed,0
src/LamaPon/Components/SpotLightComponent.cpp,126,reviewed,0
src/LamaPon/Components/SpotLightComponent.h,123,reviewed,0
src/LamaPon/Components/SpriteAnimatorComponent.cpp,187,reviewed,0
src/LamaPon/Components/SpriteAnimatorComponent.h,161,reviewed,0
src/LamaPon/Components/SpriteMaskComponent.cpp,126,reviewed,0
src/LamaPon/Components/SpriteMaskComponent.h,68,reviewed,0
src/LamaPon/Components/SpriteParticles2DComponent.cpp,333,reviewed,0
src/LamaPon/Components/SpriteParticles2DComponent.h,226,reviewed,0
src/LamaPon/Components/SpriteRendererComponent.cpp,345,reviewed,0
src/LamaPon/Components/SpriteRendererComponent.h,225,reviewed,0
src/LamaPon/Components/TextRendererComponent.cpp,242,reviewed,0
src/LamaPon/Components/TextRendererComponent.h,142,reviewed,0
src/LamaPon/Components/TilemapComponent.cpp,347,reviewed,0
src/LamaPon/Components/TilemapComponent.h,183,reviewed,0
src/LamaPon/Components/TransformAnimatorComponent.cpp,561,reviewed,0
src/LamaPon/Components/TransformAnimatorComponent.h,193,reviewed,0
src/LamaPon/Components/UIButtonComponent.cpp,444,reviewed,0
src/LamaPon/Components/UIButtonComponent.h,304,reviewed,0
src/LamaPon/Components/UICanvasComponent.cpp,53,reviewed,0
src/LamaPon/Components/UICanvasComponent.h,55,reviewed,0
src/LamaPon/Components/UIImageComponent.cpp,390,reviewed,0
src/LamaPon/Components/UIImageComponent.h,138,reviewed,0
src/LamaPon/Components/UIInputFieldComponent.cpp,476,reviewed,0
src/LamaPon/Components/UIInputFieldComponent.h,253,reviewed,0
src/LamaPon/Components/UILayoutGroupComponent.cpp,129,reviewed,0
src/LamaPon/Components/UILayoutGroupComponent.h,106,reviewed,0
src/LamaPon/Components/UIRectTransformComponent.cpp,205,reviewed,0
src/LamaPon/Components/UIRectTransformComponent.h,111,reviewed,0
src/LamaPon/Components/UIScrollViewComponent.cpp,267,reviewed,0
src/LamaPon/Components/UIScrollViewComponent.h,147,reviewed,0
src/LamaPon/Components/UISliderComponent.cpp,287,reviewed,0
src/LamaPon/Components/UISliderComponent.h,194,reviewed,0
src/LamaPon/Components/UIToggleComponent.cpp,312,reviewed,0
src/LamaPon/Components/UIToggleComponent.h,193,reviewed,0
src/LamaPon/Core/Api.h,12,reviewed,0
src/LamaPon/Core/Application.cpp,685,reviewed,0
src/LamaPon/Core/Application.h,154,reviewed,0
src/LamaPon/Core/ApplicationLayer.h,74,reviewed,0
src/LamaPon/Core/BuildInfo.cpp,83,reviewed,0
src/LamaPon/Core/BuildInfo.h,45,reviewed,0
src/LamaPon/Core/CrashReporter.cpp,287,reviewed,0
src/LamaPon/Core/CrashReporter.h,28,reviewed,0
src/LamaPon/Core/CrashSentinel.cpp,67,reviewed,0
src/LamaPon/Core/CrashSentinel.h,37,reviewed,0
src/LamaPon/Core/Crypto.cpp,740,reviewed,0
src/LamaPon/Core/Crypto.h,189,reviewed,0
src/LamaPon/Core/DebugOverlay.cpp,297,reviewed,0
src/LamaPon/Core/DebugOverlay.h,59,reviewed,0
src/LamaPon/Core/DocumentMigration.cpp,380,reviewed,0
src/LamaPon/Core/DocumentMigration.h,58,reviewed,0
src/LamaPon/Core/HttpClient.cpp,704,reviewed,0
src/LamaPon/Core/HttpClient.h,86,reviewed,0
src/LamaPon/Core/JobSystem.cpp,201,reviewed,0
src/LamaPon/Core/JobSystem.h,82,reviewed,0
src/LamaPon/Core/LocalPersistenceDocuments.cpp,2120,reviewed,0
src/LamaPon/Core/LocalPersistenceDocuments.h,289,reviewed,0
src/LamaPon/Core/Log.cpp,222,reviewed,0
src/LamaPon/Core/Log.h,160,reviewed,0
src/LamaPon/Core/MemorySnapshot.cpp,495,reviewed,0
src/LamaPon/Core/MemorySnapshot.h,208,reviewed,0
src/LamaPon/Core/Noise.h,415,reviewed,0
src/LamaPon/Core/PathUtils.h,282,reviewed,0
src/LamaPon/Core/PersistenceProfiles.cpp,624,reviewed,0
src/LamaPon/Core/PersistenceProfiles.h,119,reviewed,0
src/LamaPon/Core/PlayerPrefs.cpp,846,reviewed,0
src/LamaPon/Core/PlayerPrefs.h,172,reviewed,0
src/LamaPon/Core/ProfileAnalysis.cpp,639,reviewed,0
src/LamaPon/Core/ProfileAnalysis.h,193,reviewed,0
src/LamaPon/Core/Profiler.cpp,457,reviewed,0
src/LamaPon/Core/Profiler.h,187,reviewed,0
src/LamaPon/Core/ProjectInstance.cpp,160,reviewed,0
src/LamaPon/Core/ProjectInstance.h,41,reviewed,0
src/LamaPon/Core/ProjectMigration.cpp,378,reviewed,0
src/LamaPon/Core/ProjectMigration.h,79,reviewed,0
src/LamaPon/Core/ProjectSettings.cpp,1155,reviewed,0
src/LamaPon/Core/ProjectSettings.h,161,reviewed,0
src/LamaPon/Core/RuntimeServices.cpp,269,reviewed,0
src/LamaPon/Core/RuntimeServices.h,92,reviewed,0
src/LamaPon/Core/SaveData.cpp,241,reviewed,0
src/LamaPon/Core/SaveData.h,92,reviewed,0
src/LamaPon/Core/SaveSlotValidation.cpp,128,reviewed,0
src/LamaPon/Core/SaveSlotValidation.h,19,reviewed,0
src/LamaPon/Core/Time.cpp,92,reviewed,0
src/LamaPon/Core/Time.h,41,reviewed,0
src/LamaPon/Core/VersionCompare.cpp,105,reviewed,0
src/LamaPon/Core/VersionCompare.h,20,reviewed,0
src/LamaPon/Core/Window.cpp,284,reviewed,0
src/LamaPon/Core/Window.h,84,reviewed,0
src/LamaPon/Editor/BgmLoopPanel.cpp,905,reviewed,0
src/LamaPon/Editor/BgmLoopPanel.h,109,reviewed,0
src/LamaPon/Editor/D3D11EditorGuiRenderer.cpp,186,reviewed,0
src/LamaPon/Editor/D3D11EditorGuiRenderer.h,76,reviewed,0
src/LamaPon/Editor/D3D11EditorModelPreviewRenderer.cpp,87,reviewed,0
src/LamaPon/Editor/D3D11EditorModelPreviewRenderer.h,34,reviewed,0
src/LamaPon/Editor/D3D12EditorGuiRenderer.cpp,280,reviewed,0
src/LamaPon/Editor/D3D12EditorGuiRenderer.h,97,reviewed,0
src/LamaPon/Editor/D3D12EditorModelPreviewRenderer.cpp,328,reviewed,0
src/LamaPon/Editor/D3D12EditorModelPreviewRenderer.h,33,reviewed,0
src/LamaPon/Editor/DataAssetSchema.cpp,224,reviewed,0
src/LamaPon/Editor/DataAssetSchema.h,38,reviewed,0
src/LamaPon/Editor/DebugCaptureFiles.cpp,150,reviewed,0
src/LamaPon/Editor/DebugCaptureFiles.h,38,reviewed,0
src/LamaPon/Editor/Editor.cpp,44,reviewed,0
src/LamaPon/Editor/Editor.h,41,reviewed,0
src/LamaPon/Editor/EditorExtensionRegistry.cpp,327,reviewed,0
src/LamaPon/Editor/EditorExtensionRegistry.h,163,reviewed,0
src/LamaPon/Editor/EditorGuiRenderer.cpp,24,reviewed,0
src/LamaPon/Editor/EditorGuiRenderer.h,58,reviewed,0
src/LamaPon/Editor/EditorLayer.cpp,8887,reviewed,0
src/LamaPon/Editor/EditorLayer.h,1725,reviewed,0
src/LamaPon/Editor/EditorLayerAnalysis.cpp,291,reviewed,0
src/LamaPon/Editor/EditorLayerAnimationTools.cpp,2795,reviewed,0
src/LamaPon/Editor/EditorLayerAssets.cpp,6949,reviewed,0
src/LamaPon/Editor/EditorLayerExtensions.cpp,280,reviewed,0
src/LamaPon/Editor/EditorLayerInspector.cpp,14120,reviewed,0
src/LamaPon/Editor/EditorLayerPackages.cpp,1056,reviewed,0
src/LamaPon/Editor/EditorLayerProject.cpp,2537,reviewed,0
src/LamaPon/Editor/EditorLayerSettings.cpp,1077,reviewed,0
src/LamaPon/Editor/EditorLayerShared.h,370,reviewed,0
src/LamaPon/Editor/EditorLayerViewport.cpp,3285,reviewed,0
src/LamaPon/Editor/EditorModelPreviewRenderer.cpp,28,reviewed,0
src/LamaPon/Editor/EditorModelPreviewRenderer.h,50,reviewed,0
src/LamaPon/Editor/ExeIconTool.cpp,732,reviewed,0
src/LamaPon/Editor/ExeIconTool.h,34,reviewed,0
src/LamaPon/Editor/FrameDebuggerPanel.cpp,414,reviewed,0
src/LamaPon/Editor/FrameDebuggerPanel.h,68,reviewed,0
src/LamaPon/Editor/GameExportDialog.cpp,240,reviewed,0
src/LamaPon/Editor/GameExportDialog.h,87,reviewed,0
src/LamaPon/Editor/GameExporter.cpp,3026,reviewed,0
src/LamaPon/Editor/GameExporter.h,69,reviewed,0
src/LamaPon/Editor/GameModuleBuilder.cpp,1148,reviewed,0
src/LamaPon/Editor/GameModuleBuilder.h,69,reviewed,0
src/LamaPon/Editor/MemoryProfilerPanel.cpp,768,reviewed,0
src/LamaPon/Editor/MemoryProfilerPanel.h,103,reviewed,0
src/LamaPon/Editor/NetworkConnectionPanel.cpp,129,reviewed,0
src/LamaPon/Editor/NetworkConnectionPanel.h,28,reviewed,0
src/LamaPon/Editor/NetworkProjectSettingsPanel.cpp,143,reviewed,0
src/LamaPon/Editor/OnlineDiagnosticsPanel.cpp,21,reviewed,0
src/LamaPon/Editor/OnlineDiagnosticsPanel.h,19,reviewed,0
src/LamaPon/Editor/PackageManager.cpp,1034,reviewed,0
src/LamaPon/Editor/PackageManager.h,163,reviewed,0
src/LamaPon/Editor/PackageNativeDependencies.cpp,769,reviewed,0
src/LamaPon/Editor/PackageNativeDependencies.h,109,reviewed,0
src/LamaPon/Editor/PersistencePanelState.h,272,reviewed,0
src/LamaPon/Editor/PhysicsDebuggerPanel.cpp,644,reviewed,0
src/LamaPon/Editor/PhysicsDebuggerPanel.h,85,reviewed,0
src/LamaPon/Editor/ProfileAnalyzerPanel.cpp,858,reviewed,0
src/LamaPon/Editor/ProfileAnalyzerPanel.h,120,reviewed,0
src/LamaPon/Editor/ProfilerPanel.cpp,746,reviewed,0
src/LamaPon/Editor/ProfilerPanel.h,105,reviewed,0
src/LamaPon/Editor/SceneLoadingScreenEditor.cpp,217,reviewed,0
src/LamaPon/Editor/SceneLoadingScreenEditor.h,20,reviewed,0
src/LamaPon/Editor/ScriptEditorDetection.cpp,337,reviewed,0
src/LamaPon/Editor/ScriptEditorDetection.h,29,reviewed,0
src/LamaPon/Editor/ServiceDiagnosticsPanel.cpp,48,reviewed,0
src/LamaPon/Editor/ServiceDiagnosticsPanel.h,25,reviewed,0
src/LamaPon/Editor/ShaderProperties.cpp,773,reviewed,0
src/LamaPon/Editor/ShaderProperties.h,106,reviewed,0
src/LamaPon/Editor/SimpleMaterialShaderGenerator.cpp,145,reviewed,0
src/LamaPon/Editor/SimpleMaterialShaderGenerator.h,26,reviewed,0
src/LamaPon/Editor/UIComponentInspectors.cpp,1221,reviewed,0
src/LamaPon/Editor/UIComponentInspectors.h,44,reviewed,0
src/LamaPon/Editor/UiRecorder.cpp,158,reviewed,0
src/LamaPon/Editor/UiRecorder.h,37,reviewed,0
src/LamaPon/Editor/VehicleParametersPanel.cpp,830,reviewed,0
src/LamaPon/Editor/VehicleParametersPanel.h,95,reviewed,0
src/LamaPon/Editor/WebExportJob.cpp,272,reviewed,0
src/LamaPon/Editor/WebExportJob.h,69,reviewed,0
src/LamaPon/Graphics/AutoExposureAdaptation.h,74,reviewed,0
src/LamaPon/Graphics/ClusteredLights.cpp,61,reviewed,0
src/LamaPon/Graphics/ClusteredLights.h,54,reviewed,0
src/LamaPon/Graphics/ClusteredLightsBackendState.h,44,reviewed,0
src/LamaPon/Graphics/ComputeEffect.cpp,281,reviewed,0
src/LamaPon/Graphics/ComputeEffect.h,68,reviewed,0
src/LamaPon/Graphics/D3D11Backend.cpp,2517,reviewed,0
src/LamaPon/Graphics/D3D11Backend.h,271,reviewed,0
src/LamaPon/Graphics/D3D11ClusteredLightsState.cpp,366,reviewed,0
src/LamaPon/Graphics/D3D11ClusteredLightsState.h,82,reviewed,0
src/LamaPon/Graphics/D3D11GpuProfilerBackend.cpp,507,reviewed,0
src/LamaPon/Graphics/D3D11RenderServices.cpp,325,reviewed,0
src/LamaPon/Graphics/D3D11RenderTargetState.cpp,1238,reviewed,0
src/LamaPon/Graphics/D3D11RenderTargetState.h,307,reviewed,0
src/LamaPon/Graphics/D3D11ShadowMapState.cpp,205,reviewed,0
src/LamaPon/Graphics/D3D11ShadowMapState.h,64,reviewed,0
src/LamaPon/Graphics/D3D12Backend.cpp,6875,reviewed,0
src/LamaPon/Graphics/D3D12Backend.h,610,reviewed,0
src/LamaPon/Graphics/D3D12BackendProvider.cpp,24,reviewed,0
src/LamaPon/Graphics/D3D12ComputeEffectRenderer.cpp,338,reviewed,0
src/LamaPon/Graphics/D3D12ComputeEffectRenderer.h,100,reviewed,0
src/LamaPon/Graphics/D3D12DebugDrawingBackend.cpp,337,reviewed,0
src/LamaPon/Graphics/D3D12DebugDrawingBackend.h,46,reviewed,0
src/LamaPon/Graphics/D3D12EnvironmentPrefilter.cpp,911,reviewed,0
src/LamaPon/Graphics/D3D12EnvironmentPrefilter.h,120,reviewed,0
src/LamaPon/Graphics/D3D12GpuProfilerBackend.cpp,555,reviewed,0
src/LamaPon/Graphics/D3D12GpuProfilerBackend.h,138,reviewed,0
src/LamaPon/Graphics/D3D12MaterialShaderRenderer.cpp,2486,reviewed,0
src/LamaPon/Graphics/D3D12MaterialShaderRenderer.h,198,reviewed,0
src/LamaPon/Graphics/D3D12RenderServices.cpp,4083,reviewed,0
src/LamaPon/Graphics/D3D12RenderServices.h,77,reviewed,0
src/LamaPon/Graphics/D3D12SpriteRenderer.cpp,4170,reviewed,0
src/LamaPon/Graphics/D3D12SpriteRenderer.h,446,reviewed,0
src/LamaPon/Graphics/DebugRenderer.cpp,674,reviewed,0
src/LamaPon/Graphics/DebugRenderer.h,134,reviewed,0
src/LamaPon/Graphics/DxgiTextureLayout.h,355,reviewed,0
src/LamaPon/Graphics/EnvironmentCache.cpp,622,reviewed,0
src/LamaPon/Graphics/EnvironmentCache.h,46,reviewed,0
src/LamaPon/Graphics/EnvironmentRenderer.cpp,3446,reviewed,0
src/LamaPon/Graphics/EnvironmentRenderer.h,670,reviewed,0
src/LamaPon/Graphics/EnvironmentSettings.h,452,reviewed,0
src/LamaPon/Graphics/FrameDebugger.cpp,129,reviewed,0
src/LamaPon/Graphics/FrameDebugger.h,146,reviewed,0
src/LamaPon/Graphics/GpuProfiler.cpp,216,reviewed,0
src/LamaPon/Graphics/GpuProfiler.h,231,reviewed,0
src/LamaPon/Graphics/GraphicsBackend.cpp,67,reviewed,0
src/LamaPon/Graphics/GraphicsBackend.h,333,reviewed,0
src/LamaPon/Graphics/GraphicsBackendPackage.cpp,334,reviewed,0
src/LamaPon/Graphics/GraphicsBackendPackage.h,82,reviewed,0
src/LamaPon/Graphics/GraphicsDevice.cpp,885,reviewed,0
src/LamaPon/Graphics/GraphicsDevice.h,982,reviewed,0
src/LamaPon/Graphics/GraphicsDeviceApiResources.h,62,reviewed,0
src/LamaPon/Graphics/GraphicsDeviceBackendOps.cpp,361,reviewed,0
src/LamaPon/Graphics/GraphicsDeviceBuiltInEffectsD3D11.cpp,272,reviewed,0
src/LamaPon/Graphics/GraphicsDeviceComposition.cpp,439,reviewed,0
src/LamaPon/Graphics/GraphicsDeviceD3D11.cpp,1216,reviewed,0
src/LamaPon/Graphics/GraphicsDeviceD3D11Access.h,58,reviewed,0
src/LamaPon/Graphics/GraphicsDeviceD3D11Resources.h,203,reviewed,0
src/LamaPon/Graphics/GraphicsDeviceD3D12Access.cpp,16,reviewed,0
src/LamaPon/Graphics/GraphicsDeviceD3D12Access.h,19,reviewed,0
src/LamaPon/Graphics/GraphicsDeviceD3D12Resources.cpp,164,reviewed,0
src/LamaPon/Graphics/GraphicsDeviceD3D12Resources.h,103,reviewed,0
src/LamaPon/Graphics/GraphicsDeviceParticleRendering.cpp,72,reviewed,0
src/LamaPon/Graphics/GraphicsDevicePostProcessD3D11.cpp,688,reviewed,0
src/LamaPon/Graphics/GraphicsDeviceResourceLease.cpp,196,reviewed,0
src/LamaPon/Graphics/GraphicsDeviceResourceLease.h,60,reviewed,0
src/LamaPon/Graphics/GraphicsDeviceResourceLeaseState.h,35,reviewed,0
src/LamaPon/Graphics/GraphicsDeviceShaderEffectsD3D11.cpp,2963,reviewed,0
src/LamaPon/Graphics/GraphicsDeviceShaderState.h,134,reviewed,0
src/LamaPon/Graphics/GraphicsDeviceSpriteD3D11.cpp,678,reviewed,0
src/LamaPon/Graphics/GraphicsDeviceSpriteFrontend.cpp,542,reviewed,0
src/LamaPon/Graphics/GraphicsDeviceState.cpp,20,reviewed,0
src/LamaPon/Graphics/GraphicsDeviceState.h,113,reviewed,0
src/LamaPon/Graphics/GraphicsQuality.cpp,271,reviewed,0
src/LamaPon/Graphics/GraphicsQuality.h,124,reviewed,0
src/LamaPon/Graphics/GraphicsRenderServices.h,429,reviewed,0
src/LamaPon/Graphics/GraphicsResource.h,638,reviewed,0
src/LamaPon/Graphics/Lighting.cpp,279,reviewed,0
src/LamaPon/Graphics/Lighting.h,325,reviewed,0
src/LamaPon/Graphics/LitEffect.cpp,2434,reviewed,0
src/LamaPon/Graphics/LitEffect.h,609,reviewed,0
src/LamaPon/Graphics/LitMaterial.h,389,reviewed,0
src/LamaPon/Graphics/LitMaterialAsset.cpp,384,reviewed,0
src/LamaPon/Graphics/LitMaterialAsset.h,24,reviewed,0
src/LamaPon/Graphics/LitTextureRequest.h,37,reviewed,0
src/LamaPon/Graphics/MaterialShaderDrawRequest.h,116,reviewed,0
src/LamaPon/Graphics/MemorySnapshotCapture.cpp,101,reviewed,0
src/LamaPon/Graphics/MemorySnapshotCapture.h,14,reviewed,0
src/LamaPon/Graphics/PbrTextures.h,26,reviewed,0
src/LamaPon/Graphics/PngWriter.cpp,174,reviewed,0
src/LamaPon/Graphics/PngWriter.h,17,reviewed,0
src/LamaPon/Graphics/PrefilteredEnvironment.h,31,reviewed,0
src/LamaPon/Graphics/ReflectionProbeEnvironment.h,52,reviewed,0
src/LamaPon/Graphics/RenderPipeline.cpp,289,reviewed,0
src/LamaPon/Graphics/RenderPipeline.h,158,reviewed,0
src/LamaPon/Graphics/RenderTarget.cpp,513,reviewed,0
src/LamaPon/Graphics/RenderTarget.h,93,reviewed,0
src/LamaPon/Graphics/RenderTargetBackendState.h,87,reviewed,0
src/LamaPon/Graphics/ScreenEffect.cpp,264,reviewed,0
src/LamaPon/Graphics/ScreenEffect.h,83,reviewed,0
src/LamaPon/Graphics/ShaderCompiler.cpp,2387,reviewed,0
src/LamaPon/Graphics/ShaderCompiler.h,140,reviewed,0
src/LamaPon/Graphics/ShaderDiagnostics.cpp,463,reviewed,0
src/LamaPon/Graphics/ShaderDiagnostics.h,80,reviewed,0
src/LamaPon/Graphics/ShaderManifest.cpp,1552,reviewed,0
src/LamaPon/Graphics/ShaderManifest.h,139,reviewed,0
src/LamaPon/Graphics/ShaderProgram.cpp,259,reviewed,0
src/LamaPon/Graphics/ShaderProgram.h,96,reviewed,0
src/LamaPon/Graphics/ShaderRenderState.cpp,183,reviewed,0
src/LamaPon/Graphics/ShaderRenderState.h,67,reviewed,0
src/LamaPon/Graphics/ShaderVariants.cpp,400,reviewed,0
src/LamaPon/Graphics/ShaderVariants.h,113,reviewed,0
src/LamaPon/Graphics/ShadowMap.cpp,88,reviewed,0
src/LamaPon/Graphics/ShadowMap.h,54,reviewed,0
src/LamaPon/Graphics/ShadowMapBackendState.h,47,reviewed,0
src/LamaPon/Graphics/SkeletalModel.cpp,1854,reviewed,0
src/LamaPon/Graphics/SkeletalModel.h,415,reviewed,0
src/LamaPon/Graphics/SpriteEffect.cpp,152,reviewed,0
src/LamaPon/Graphics/SpriteEffect.h,70,reviewed,0
src/LamaPon/Graphics/SpriteRendering.cpp,480,reviewed,0
src/LamaPon/Graphics/SpriteRendering.h,223,reviewed,0
src/LamaPon/Graphics/TemporalJitter.cpp,75,reviewed,0
src/LamaPon/Graphics/TemporalJitter.h,26,reviewed,0
src/LamaPon/Graphics/TextLayout.h,58,reviewed,0
src/LamaPon/Hub/LearningJourney.cpp,937,reviewed,0
src/LamaPon/Hub/LearningJourney.h,132,reviewed,0
src/LamaPon/Hub/ProjectHub.cpp,1036,reviewed,0
src/LamaPon/Hub/ProjectHub.h,66,reviewed,0
src/LamaPon/Hub/UpdateChecker.cpp,87,reviewed,0
src/LamaPon/Hub/UpdateChecker.h,32,reviewed,0
src/LamaPon/Input/InputSystem.cpp,1011,reviewed,0
src/LamaPon/Input/InputSystem.h,518,reviewed,0
src/LamaPon/LamaPon.h,115,reviewed,0
src/LamaPon/Online/CloudSave.h,87,reviewed,0
src/LamaPon/Online/CloudSaveClient.cpp,1654,reviewed,0
src/LamaPon/Online/CloudSaveClient.h,137,reviewed,0
src/LamaPon/Online/CloudSaveJournal.cpp,3440,reviewed,0
src/LamaPon/Online/CloudSaveJournal.h,245,reviewed,0
src/LamaPon/Online/CloudSaveSynchronizer.cpp,3070,reviewed,0
src/LamaPon/Online/CloudSaveSynchronizer.h,220,reviewed,0
src/LamaPon/Online/DirectNetworkTransport.cpp,287,reviewed,0
src/LamaPon/Online/DiscordAuth.cpp,457,reviewed,0
src/LamaPon/Online/DiscordAuth.h,163,reviewed,0
src/LamaPon/Online/DiscordPresence.cpp,620,reviewed,0
src/LamaPon/Online/DiscordPresence.h,204,reviewed,0
src/LamaPon/Online/DiscordPresenceTesting.h,120,reviewed,0
src/LamaPon/Online/EpicNetworkTransport.cpp,31,reviewed,0
src/LamaPon/Online/EpicNetworkTransportSdk.cpp,518,reviewed,0
src/LamaPon/Online/EpicNetworkTransportSdk.h,9,reviewed,0
src/LamaPon/Online/LanNetworkTransport.cpp,386,reviewed,0
src/LamaPon/Online/NetworkCrypto.cpp,277,reviewed,0
src/LamaPon/Online/NetworkCrypto.h,85,reviewed,0
src/LamaPon/Online/NetworkEndpoint.h,130,reviewed,0
src/LamaPon/Online/NetworkPortMapping.cpp,428,reviewed,0
src/LamaPon/Online/NetworkPortMapping.h,84,reviewed,0
src/LamaPon/Online/NetworkRoomAdvertiser.h,27,reviewed,0
src/LamaPon/Online/NetworkRoomBrowser.cpp,293,reviewed,0
src/LamaPon/Online/NetworkRoomBrowser.h,41,reviewed,0
src/LamaPon/Online/NetworkRoomDirectory.h,45,reviewed,0
src/LamaPon/Online/NetworkSceneBridge.cpp,409,reviewed,0
src/LamaPon/Online/NetworkSceneBridge.h,49,reviewed,0
src/LamaPon/Online/NetworkSession.cpp,879,reviewed,0
src/LamaPon/Online/NetworkSession.h,258,reviewed,0
src/LamaPon/Online/NetworkSettingsJson.h,89,reviewed,0
src/LamaPon/Online/NetworkTransport.h,68,reviewed,0
src/LamaPon/Online/OnlineHttpValidation.cpp,172,reviewed,0
src/LamaPon/Online/OnlineHttpValidation.h,35,reviewed,0
src/LamaPon/Online/OnlinePersistenceCoordinator.cpp,1999,reviewed,0
src/LamaPon/Online/OnlinePersistenceCoordinator.h,223,reviewed,0
src/LamaPon/Online/OnlineServices.cpp,3286,reviewed,0
src/LamaPon/Online/OnlineServices.h,280,reviewed,0
src/LamaPon/Online/OnlineServicesTesting.h,37,reviewed,0
src/LamaPon/Online/WindowsOnlinePlatform.cpp,1526,reviewed,0
src/LamaPon/Online/WindowsOnlinePlatform.h,207,reviewed,0
src/LamaPon/Physics/Collision3D.cpp,1534,reviewed,0
src/LamaPon/Physics/Collision3D.h,158,reviewed,0
src/LamaPon/Physics/CollisionMesh.cpp,731,reviewed,0
src/LamaPon/Physics/CollisionMesh.h,124,reviewed,0
src/LamaPon/Physics/CollisionTypes.h,38,reviewed,0
src/LamaPon/Physics/PhysicsFrameClock.cpp,68,reviewed,0
src/LamaPon/Physics/PhysicsFrameClock.h,79,reviewed,0
src/LamaPon/Physics/PhysicsMaterial.h,99,reviewed,0
src/LamaPon/Physics/PhysicsQuery.h,69,reviewed,0
src/LamaPon/Physics/PhysicsSettings.cpp,84,reviewed,0
src/LamaPon/Physics/PhysicsSettings.h,88,reviewed,0
src/LamaPon/Physics/Raycast.cpp,121,reviewed,0
src/LamaPon/Physics/Raycast.h,29,reviewed,0
src/LamaPon/Physics/SpatialHashBroadPhase.cpp,293,reviewed,0
src/LamaPon/Physics/SpatialHashBroadPhase.h,44,reviewed,0
src/LamaPon/Portable/PortableLog.cpp,36,reviewed,0
src/LamaPon/Portable/PortableRuntime.cpp,5878,reviewed,0
src/LamaPon/Portable/PortableWebGame.cpp,164,reviewed,0
src/LamaPon/Portable/include/LamaPon/LamaPon.h,2257,reviewed,0
src/LamaPon/Reactive/Reactive.cpp,288,reviewed,0
src/LamaPon/Reactive/Reactive.h,712,reviewed,0
src/LamaPon/Resources/LamaPon.rc,3,reviewed,0
src/LamaPon/Resources/LamaPonHub.rc,3,reviewed,0
src/LamaPon/Resources/WindowsResource.h,4,reviewed,0
src/LamaPon/Scene/Component.cpp,57,reviewed,0
src/LamaPon/Scene/Component.h,136,reviewed,0
src/LamaPon/Scene/EventBus.cpp,205,reviewed,0
src/LamaPon/Scene/EventBus.h,94,reviewed,0
src/LamaPon/Scene/GameObject.cpp,897,reviewed,0
src/LamaPon/Scene/GameObject.h,512,reviewed,0
src/LamaPon/Scene/RenderSpatialIndex.cpp,192,reviewed,0
src/LamaPon/Scene/RenderSpatialIndex.h,101,reviewed,0
src/LamaPon/Scene/RuntimeGameState.cpp,157,reviewed,0
src/LamaPon/Scene/RuntimeGameState.h,79,reviewed,0
src/LamaPon/Scene/Scene.cpp,9291,reviewed,0
src/LamaPon/Scene/Scene.h,1052,reviewed,0
src/LamaPon/Scene/SceneManager.cpp,1197,reviewed,0
src/LamaPon/Scene/SceneManager.h,428,reviewed,0
src/LamaPon/Scene/ScenePhysics.cpp,1337,reviewed,0
src/LamaPon/Scene/SceneSerialization.cpp,6226,reviewed,0
src/LamaPon/Scene/SceneTransition.cpp,603,reviewed,0
src/LamaPon/Scene/SceneTransition.h,219,reviewed,0
src/LamaPon/Scene/SceneVisibility.cpp,1012,reviewed,0
src/LamaPon/Scene/Transform.h,192,reviewed,0
src/LamaPon/Scripting/Coroutine.h,178,reviewed,0
src/LamaPon/Scripting/GameModule.cpp,1,reviewed,0
src/LamaPon/Scripting/GameModule.h,121,reviewed,0
src/LamaPon/Scripting/GameModuleHost.cpp,679,reviewed,0
src/LamaPon/Scripting/GameModuleHost.h,163,reviewed,0
src/LamaPon/Scripting/Script.h,1479,reviewed,0
src/LamaPon/Web/WebApplication.cpp,213,reviewed,0
src/LamaPon/Web/WebApplication.h,83,reviewed,0
src/LamaPon/Web/WebAudioRuntime.cpp,492,reviewed,0
src/LamaPon/Web/WebAudioRuntime.h,86,reviewed,0
src/LamaPon/Web/WebInput.cpp,679,reviewed,0
src/LamaPon/Web/WebInput.h,199,reviewed,0
src/LamaPon/Web/WebMath.h,269,reviewed,0
src/LamaPon/Web/WebPhysics3D.cpp,372,reviewed,0
src/LamaPon/Web/WebPhysics3D.h,117,reviewed,0
src/LamaPon/Web/WebRenderer3D.cpp,3014,reviewed,0
src/LamaPon/Web/WebRenderer3D.h,194,reviewed,0
src/LamaPon/Web/default-shell.html,63,reviewed,0
tests/AnimationClipTests.cpp,408,reviewed,0
tests/AssetDatabaseTests.cpp,349,reviewed,0
tests/AssetImporterTests.cpp,171,reviewed,0
tests/AudioOggProbe.cpp,581,reviewed,0
tests/BgmLoopPanelTests.cpp,123,reviewed,0
tests/BillboardTests.cpp,309,reviewed,0
tests/BuildInfoTests.cpp,120,reviewed,0
tests/CliAnalysisCommandTests.cpp,250,reviewed,0
tests/CliSceneCommandTests.py,161,reviewed,0
tests/CloudSaveClientTests.cpp,1001,reviewed,0
tests/CloudSaveJournalTests.cpp,1337,reviewed,0
tests/CloudSaveSynchronizerTests.cpp,2963,reviewed,0
tests/CrashSentinelTests.cpp,111,reviewed,0
tests/D3D12SpriteRenderingTests.cpp,9900,reviewed,0
tests/DataAssetTests.cpp,331,reviewed,0
tests/DiagnosticsTests.cpp,131,reviewed,0
tests/DirectNetworkTests.cpp,383,reviewed,0
tests/DiscordPresenceTests.cpp,1178,reviewed,0
tests/DocumentMigrationTests.cpp,252,reviewed,0
tests/EditorExtensionRegistryTests.cpp,219,reviewed,0
tests/EditorGuiRendererTests.cpp,5140,reviewed,0
tests/EditorWebExportTests.py,175,reviewed,0
tests/EngineRenderRegressionTests.cpp,14197,reviewed,0
tests/ExportedStartupTests.cpp,170,reviewed,0
tests/FbxImporterTests.cpp,576,reviewed,0
tests/FrameDebuggerTests.cpp,209,reviewed,0
tests/GameExportDialogTests.cpp,177,reviewed,0
tests/GameExporterTests.cpp,3210,reviewed,0
tests/GameModuleBuilderTests.cpp,295,reviewed,0
tests/GameModuleTests.cpp,267,reviewed,0
tests/GltfImporterTests.cpp,626,reviewed,0
tests/GraphicsBackendSelectionTests.cpp,1544,reviewed,0
tests/GraphicsResourceTests.cpp,435,reviewed,0
tests/InputSystemTests.cpp,319,reviewed,0
tests/LifecycleTests.cpp,272,reviewed,0
tests/LocalPersistenceDocumentsTests.cpp,949,reviewed,0
tests/LogTests.cpp,153,reviewed,0
tests/MemorySnapshotTests.cpp,233,reviewed,0
tests/MsvcDependencyTests.py,98,reviewed,0
tests/NetworkSceneTests.cpp,298,reviewed,0
tests/NetworkSessionTests.cpp,562,reviewed,0
tests/NetworkWorkflowPackageTests.h,271,reviewed,0
tests/NoiseTests.cpp,229,reviewed,0
tests/OllamaPackageTests.h,1040,reviewed,0
tests/OnlineAuthTests.cpp,489,reviewed,0
tests/OnlinePersistenceCoordinatorTests.cpp,5666,reviewed,0
tests/OnlineServicesTests.cpp,2413,reviewed,0
tests/PackageIndexTests.py,580,reviewed,0
tests/PackageManagerTests.cpp,827,reviewed,0
tests/PackageNativeDependencyTests.cpp,592,reviewed,0
tests/PersistenceProfilesTests.cpp,893,reviewed,0
tests/PersistenceTests.cpp,228,reviewed,0
tests/PhysicsTimingTests.cpp,373,reviewed,0
tests/ProceduralMeshTests.cpp,270,reviewed,0
tests/ProfileAnalysisTests.cpp,741,reviewed,0
tests/ProjectGameModuleLoadTests.cpp,399,reviewed,0
tests/ProjectHubTests.cpp,592,reviewed,0
tests/ProjectInstanceTests.cpp,110,reviewed,0
tests/ProjectMigrationTests.cpp,1153,reviewed,0
tests/ReactiveTests.cpp,205,reviewed,0
tests/RenderFailureTests.cpp,598,reviewed,0
tests/RenderRegressionTests.cpp,484,reviewed,0
tests/RenderSpatialIndexTests.cpp,101,reviewed,0
tests/RunBrowserTests.py,115,reviewed,0
tests/RuntimeServicesTests.cpp,183,reviewed,0
tests/RuntimeTimingTests.cpp,85,reviewed,0
tests/SceneSerializationTests.cpp,7689,reviewed,0
tests/SceneTransitionTests.cpp,424,reviewed,0
tests/ScriptPrefsTests.cpp,196,reviewed,0
tests/ShaderCacheTests.cpp,582,reviewed,0
tests/ShaderDiagnosticsTests.cpp,333,reviewed,0
tests/ShaderManifestTests.cpp,1476,reviewed,0
tests/TemporalJitterTests.cpp,204,reviewed,0
tests/TextCacheTests.cpp,273,reviewed,0
tests/TextureLoaderTests.cpp,1378,reviewed,0
tests/TransformTests.cpp,347,reviewed,0
tests/UIComponentInspectorTests.cpp,405,reviewed,0
tests/WebExportToolTests.py,1604,reviewed,0
tests/WindowsOnlinePlatformTests.cpp,1082,reviewed,0
tests/fixtures/ProjectGameModule/assets/BeginnerScript.cpp,19,reviewed,0
tests/fixtures/ProjectGameModule/assets/ExternalScript.cpp,31,reviewed,0
tests/fixtures/ProjectGameModule/assets/NetworkWorkflowPackage.cpp,1,reviewed,0
tests/fixtures/ProjectGameModule/assets/OllamaPackage.cpp,1,reviewed,0
tests/fixtures/ProjectGameModule/assets/TransitionPackage.cpp,2,reviewed,0
tests/fixtures/auxiliary-probe.hlsl,65,reviewed,0
tests/fixtures/baked-gi-probe.hlsl,193,reviewed,0
tests/fixtures/bright-dot.hlsl,59,reviewed,0
tests/fixtures/broken-shader.hlsl,42,reviewed,0
tests/fixtures/compute-input-probe.hlsl,50,reviewed,0
tests/fixtures/compute-probe.hlsl,45,reviewed,0
tests/fixtures/dds-dimension-probe.hlsl,71,reviewed,0
tests/fixtures/depth-probe.hlsl,98,reviewed,0
tests/fixtures/environment-probe.hlsl,145,reviewed,0
tests/fixtures/facing-probe.hlsl,69,reviewed,0
tests/fixtures/material-lighting-probe.hlsl,159,reviewed,0
tests/fixtures/noise-probe.hlsl,90,reviewed,0
tests/fixtures/outline-probe.hlsl,95,reviewed,0
tests/fixtures/particle-probe.hlsl,33,reviewed,0
tests/fixtures/shader-manifest/custom-entry-compute.hlsl,26,reviewed,0
tests/fixtures/shader-manifest/custom-entry-material.hlsl,135,reviewed,0
tests/fixtures/shader-manifest/custom-entry-screen-effect.hlsl,32,reviewed,0
tests/fixtures/shader-manifest/legacy-compute.hlsl,26,reviewed,0
tests/fixtures/shader-manifest/legacy-material.hlsl,29,reviewed,0
tests/fixtures/shader-manifest/legacy-screen-effect.hlsl,31,reviewed,0
tests/fixtures/variant-probe.hlsl,81,reviewed,0
tests/fixtures/web-2d/main.cpp,3,reviewed,0
tests/fixtures/web-model/main.cpp,3,reviewed,0
tests/web/CMakeLists.txt,30,reviewed,0
tests/web/PortableSmoke.cpp,27,reviewed,0
tests/web/WebLifecycleTests.cpp,106,reviewed,0
tests/web/test-shell.html,9,reviewed,0
tools/GenerateSampleAudio.ps1,99,reviewed,0
tools/LamaPonCli/AnalysisCommands.cpp,574,reviewed,0
tools/LamaPonCli/AnalysisCommands.h,42,reviewed,0
tools/LamaPonCli/BuildDiagnostics.h,59,reviewed,0
tools/LamaPonCli/ComponentSchemas.cpp,570,reviewed,0
tools/LamaPonCli/ComponentSchemas.h,18,reviewed,0
tools/LamaPonCli/JsonFiles.cpp,130,reviewed,0
tools/LamaPonCli/JsonFiles.h,14,reviewed,0
tools/LamaPonCli/Main.cpp,8346,reviewed,0
tools/LamaPonCli/ProjectPaths.cpp,127,reviewed,0
tools/LamaPonCli/ProjectPaths.h,16,reviewed,0
tools/LamaPonCli/RuntimeTiming.h,46,reviewed,0
tools/LamaPonCli/SceneCommands.cpp,2749,reviewed,0
tools/LamaPonCli/SceneCommands.h,45,reviewed,0
tools/ProjectGameModule/CMakeLists.txt,260,reviewed,0
tools/ProjectGameModule/ProjectGameModule.cpp,40,reviewed,0
tools/ProjectGameModule/ScriptRegistry.cpp,69,reviewed,0
tools/ProjectGameModule/ScriptRegistry.h,3,reviewed,0
tools/RebuildAndInstallEditor.bat,2,reviewed,0
tools/RebuildAndInstallEditor.ps1,440,reviewed,0
tools/audit_game_module.py,215,reviewed,0
tools/editor_web_export.py,277,reviewed,0
tools/export_web.py,4416,reviewed,0
